USER ID	FROM	TO	DATE
0	married	single	2012-05-15T16:15:20+0000
1	unset	single	2010-12-29T17:06:01+0000
2	in a relationship	single	2009-09-09T17:20:41+0000
2	in an open relationship	single	2012-11-19T16:24:26+0000
3	unset	in an open relationship	2012-02-01T21:26:28+0000
4	in a relationship	single	2010-02-02T00:48:41+0000
5	unset	single	2010-11-23T07:30:47+0000
5	engaged	single	2011-03-13T14:58:39+0000
5	in a relationship	single	2011-04-01T15:35:12+0000
5	unset	single	2011-05-31T17:23:54+0000
6	unset	in a relationship	2010-04-26T10:44:06+0000
7	unset	in a relationship	2011-10-30T18:03:56+0000
8	unset	in a relationship	2009-02-10T12:31:32+0000
9	single	in a relationship	2010-12-27T11:17:18+0000
9	unset	in a relationship	2011-02-02T21:29:51+0000
10	unset	in a relationship	2012-11-24T23:13:00+0000
11	unset	in a relationship	2012-11-09T13:31:56+0000
12	unset	single	2010-06-13T11:56:52+0000
13	unset	in a relationship	2010-07-23T20:48:01+0000
14	in a relationship	single	2011-04-24T14:58:12+0000
15	unset	in a relationship	2012-06-10T15:04:54+0000
16	in an open relationship	single	2012-06-10T20:31:14+0000
17	single	in a relationship	2012-04-27T08:31:11+0000
17	it's complicated	in a relationship	2012-11-28T17:53:54+0000
17	unset	in a relationship	2012-12-27T12:06:45+0000
18	unset	single	2010-01-30T09:55:46+0000
19	unset	married	2011-09-13T18:26:44+0000
20	unset	in a relationship	2009-02-18T15:33:20+0000
21	in a relationship	single	2012-01-28T11:32:07+0000
22	unset	in a relationship	2010-02-19T22:06:45+0000
23	unset	in a relationship	2011-08-18T09:18:24+0000
24	single	in a relationship	2011-01-24T15:36:56+0000
25	unset	in a domestic partnership	2011-05-13T03:40:19+0000
26	unset	married	2012-04-03T19:52:59+0000
27	unset	in a relationship	2010-06-25T17:22:00+0000
28	in a relationship	single	2010-11-17T18:16:25+0000
29	unset	in a relationship	2012-06-10T15:06:02+0000
30	unset	in a relationship	2011-12-25T18:48:38+0000
31	unset	in a relationship	2010-02-28T20:47:51+0000
32	unset	single	2012-08-08T22:06:22+0000
33	unset	in a relationship	2011-12-29T17:22:48+0000
34	in a relationship	single	2012-12-12T13:24:58+0000
35	unset	in a relationship	2012-01-13T20:27:20+0000
36	unset	in a relationship	2011-07-13T22:19:25+0000
37	unset	in a relationship	2011-03-09T14:53:16+0000
38	unset	in a relationship	2010-11-23T18:56:10+0000
38	it's complicated	in a relationship	2011-10-30T19:56:02+0000
38	unset	in a relationship	2012-08-06T19:04:44+0000
39	unset	married	2012-03-28T09:31:40+0000
40	unset	married	2012-10-28T22:29:45+0000
41	in a relationship	single	2009-05-10T21:18:27+0000
42	unset	in a relationship	2012-01-22T21:44:27+0000
43	unset	single	2011-03-18T19:21:39+0000
43	in a relationship	single	2011-10-23T12:05:40+0000
44	single	in a relationship	2011-11-14T17:33:06+0000
45	unset	married	2008-07-22T14:50:06+0000
46	in a relationship	single	2012-05-19T14:59:40+0000
47	unset	married	2011-07-14T08:32:48+0000
48	unset	in a relationship	2011-04-15T15:02:31+0000
49	unset	in a relationship	2007-03-21T19:27:43+0000
50	unset	in a relationship	2012-01-29T14:49:51+0000
51	unset	in a relationship	2011-07-29T14:46:35+0000
52	unset	engaged	2012-09-30T08:31:03+0000
53	unset	in a relationship	2010-11-09T17:51:25+0000
54	unset	married	2010-01-06T14:24:48+0000
55	in a relationship	single	2011-04-23T17:27:37+0000
56	engaged	in a relationship	2011-11-16T21:50:34+0000
56	single	in a relationship	2012-10-27T08:41:27+0000
57	unset	in a relationship	2010-02-05T16:38:44+0000
58	unset	in a relationship	2012-06-19T11:45:47+0000
59	single	in a relationship	2010-11-17T10:09:19+0000
60	unset	in a relationship	2010-05-05T09:43:52+0000
61	in a relationship	single	2012-11-09T10:00:47+0000
62	unset	married	2012-07-24T17:36:26+0000
63	unset	married	2012-08-26T22:36:52+0000
64	unset	in a relationship	2010-10-04T14:47:59+0000
65	in an open relationship	in a relationship	2010-06-03T13:44:04+0000
65	married	in a relationship	2011-11-07T18:23:49+0000
65	in an open relationship	in a relationship	2012-04-29T22:20:04+0000
66	unset	single	2012-01-11T22:40:48+0000
67	unset	single	2009-02-27T16:30:39+0000
68	unset	married	2012-09-10T14:25:31+0000
69	unset	in a relationship	2010-05-09T18:51:37+0000
70	unset	single	2010-03-21T21:49:28+0000
71	unset	single	2011-04-12T08:25:09+0000
72	unset	single	2010-08-29T21:48:46+0000
72	in a relationship	single	2011-03-22T20:38:24+0000
73	unset	in a relationship	2010-05-16T20:03:36+0000
73	single	in a relationship	2011-11-30T06:53:26+0000
74	engaged	married	2011-09-20T05:21:47+0000
75	single	in a relationship	2010-10-24T17:06:33+0000
75	unset	in a relationship	2011-02-23T20:15:20+0000
76	unset	in a relationship	2011-12-07T09:06:17+0000
77	unset	in a relationship	2011-07-27T08:42:55+0000
78	unset	engaged	2012-11-05T17:59:12+0000
79	unset	married	2011-08-22T20:52:46+0000
80	unset	in a relationship	2012-05-28T19:05:46+0000
81	unset	in a relationship	2011-07-01T21:13:31+0000
82	unset	in a relationship	2011-06-23T16:18:22+0000
83	unset	single	2010-10-05T19:48:21+0000
83	in a relationship	single	2013-01-07T11:56:58+0000
84	unset	married	2010-12-08T16:35:47+0000
85	in a relationship	single	2010-08-16T10:44:54+0000
86	single	in a relationship	2012-01-02T18:29:14+0000
87	unset	married	2009-08-13T09:29:12+0000
88	in a relationship	single	2012-11-29T09:04:42+0000
89	in a relationship	single	2012-05-14T15:06:39+0000
90	unset	in a relationship	2012-11-10T00:51:05+0000
91	unset	engaged	2011-12-24T18:50:18+0000
92	unset	married	2011-07-26T07:39:56+0000
93	unset	married	2011-09-10T15:59:46+0000
94	unset	in a relationship	2012-09-26T14:53:01+0000
95	unset	married	2012-09-10T10:03:18+0000
96	engaged	married	2009-07-28T09:11:48+0000
96	unset	married	2009-07-28T11:14:50+0000
97	unset	married	2012-09-12T14:30:42+0000
98	single	in a relationship	2011-09-05T06:42:57+0000
99	unset	married	2011-11-22T14:36:09+0000
100	unset	married	2011-08-11T07:16:01+0000
101	unset	single	2010-12-06T21:01:42+0000
101	in a relationship	single	2012-10-19T17:41:24+0000
102	unset	single	2009-05-08T06:47:21+0000
103	unset	single	2009-11-24T12:10:52+0000
103	in a relationship	single	2011-08-20T22:08:41+0000
104	unset	in a relationship	2012-12-22T17:24:23+0000
105	single	in a relationship	2012-08-21T15:15:41+0000
106	unset	in a relationship	2011-02-23T09:37:32+0000
107	unset	in a relationship	2012-04-01T20:09:22+0000
108	unset	in a relationship	2010-09-27T22:52:22+0000
109	unset	in a relationship	2012-09-09T18:22:53+0000
110	engaged	single	2012-08-18T07:17:11+0000
111	unset	single	2009-08-11T13:15:30+0000
112	unset	engaged	2011-03-29T21:59:17+0000
113	unset	single	2012-06-04T15:27:08+0000
114	unset	married	2010-06-21T06:16:32+0000
115	unset	married	2010-12-27T20:34:18+0000
116	unset	single	2009-10-25T12:17:40+0000
117	unset	in a relationship	2010-03-28T15:17:41+0000
118	unset	in a relationship	2011-01-20T16:33:33+0000
119	unset	single	2011-08-29T08:51:12+0000
120	unset	single	2010-07-26T17:12:10+0000
121	single	in a relationship	2011-11-28T20:59:46+0000
122	unset	single	2012-03-27T18:25:54+0000
123	in a relationship	it's complicated	2012-03-30T16:56:34+0000
124	unset	married	2010-09-29T16:02:16+0000
125	unset	in a relationship	2012-08-09T22:11:48+0000
126	in a relationship	single	2008-07-17T03:14:05+0000
127	unset	in a relationship	2012-09-12T00:33:24+0000
128	unset	married	2011-06-20T13:38:56+0000
129	unset	in a relationship	2010-06-04T14:15:36+0000
130	in a relationship	single	2012-09-11T06:02:39+0000
131	unset	in a relationship	2011-11-07T00:11:25+0000
132	unset	in a relationship	2009-12-22T12:25:53+0000
133	unset	in a relationship	2011-01-18T09:54:08+0000
134	single	married	2010-05-24T12:37:24+0000
135	unset	in a relationship	2009-07-22T11:20:07+0000
136	unset	in a relationship	2012-08-01T19:41:37+0000
137	single	in a relationship	2012-11-07T14:00:05+0000
138	unset	married	2010-11-10T22:10:00+0000
139	it's complicated	in a relationship	2010-05-22T17:51:55+0000
139	unset	in a relationship	2010-10-25T18:38:29+0000
140	unset	married	2010-06-17T09:54:53+0000
141	unset	single	2010-10-11T20:46:50+0000
142	unset	in a relationship	2010-05-05T09:43:52+0000
143	unset	married	2010-08-19T15:29:22+0000
144	unset	married	2011-07-09T11:47:51+0000
145	unset	married	2011-05-09T09:37:22+0000
146	unset	married	2012-09-07T18:42:13+0000
147	unset	in a relationship	2010-02-22T15:48:10+0000
147	single	in a relationship	2010-09-17T13:07:30+0000
147	unset	in a relationship	2012-06-14T12:34:30+0000
148	unset	in a relationship	2009-04-27T05:18:13+0000
149	unset	married	2012-04-22T20:27:27+0000
150	unset	in a relationship	2012-05-11T10:22:40+0000
151	unset	married	2010-07-16T11:00:22+0000
152	unset	married	2012-07-03T22:46:08+0000
153	unset	in a relationship	2011-03-27T09:39:08+0000
154	in a relationship	single	2010-04-20T21:46:02+0000
154	unset	single	2012-09-20T10:53:27+0000
155	unset	in a relationship	2010-10-19T08:54:59+0000
156	unset	in a relationship	2011-06-08T13:13:42+0000
157	unset	in a relationship	2011-10-12T06:53:16+0000
158	single	in a relationship	2009-02-10T22:28:35+0000
159	unset	in a relationship	2009-07-23T14:10:08+0000
160	engaged	married	2012-06-19T09:57:34+0000
161	unset	engaged	2012-06-10T20:10:13+0000
162	unset	single	2008-11-10T14:11:20+0000
162	in a relationship	single	2009-10-10T19:11:12+0000
163	unset	in a relationship	2011-05-28T11:38:50+0000
164	unset	in a relationship	2010-05-09T18:51:37+0000
165	unset	in a relationship	2012-11-25T19:15:54+0000
166	unset	in a relationship	2012-11-02T10:10:11+0000
167	unset	single	2010-02-18T20:59:46+0000
168	unset	married	2011-01-03T19:42:33+0000
169	unset	in a relationship	2010-04-12T18:49:29+0000
170	unset	in a relationship	2011-02-09T14:35:14+0000
171	unset	in a relationship	2009-10-27T17:08:09+0000
172	unset	in a relationship	2012-03-05T13:10:15+0000
173	single	in a relationship	2011-01-08T12:42:14+0000
173	unset	in a relationship	2012-01-08T20:06:53+0000
174	unset	in a relationship	2010-09-23T13:28:58+0000
175	unset	married	2011-09-26T18:53:11+0000
176	unset	married	2012-06-08T11:34:54+0000
177	in a relationship	single	2011-07-26T00:34:34+0000
178	in a relationship	single	2010-10-27T18:07:58+0000
179	it's complicated	single	2012-02-29T01:39:02+0000
180	in a relationship	single	2011-03-27T22:51:30+0000
181	unset	in a relationship	2012-03-05T09:25:19+0000
182	unset	married	2010-09-01T16:11:01+0000
183	unset	in a relationship	2012-03-28T21:14:36+0000
184	unset	single	2011-08-21T02:35:28+0000
185	unset	in a relationship	2012-03-11T18:17:21+0000
186	unset	married	2011-01-03T16:09:58+0000
187	single	in a relationship	2011-01-24T16:10:16+0000
187	unset	in a relationship	2012-08-27T09:13:16+0000
188	unset	in a relationship	2011-11-22T22:54:48+0000
189	unset	in a relationship	2011-12-03T21:55:14+0000
190	in an open relationship	in a relationship	2011-05-31T16:57:50+0000
190	unset	in a relationship	2011-07-31T18:29:28+0000
190	single	in a relationship	2011-12-17T18:58:17+0000
190	unset	in a relationship	2012-03-05T19:56:54+0000
191	single	in a relationship	2011-07-09T20:34:06+0000
191	unset	in a relationship	2012-09-11T22:33:16+0000
192	single	in a relationship	2009-12-07T09:20:16+0000
192	unset	in a relationship	2010-10-16T10:44:09+0000
193	single	in a relationship	2012-12-13T19:38:40+0000
194	unset	engaged	2012-04-14T21:06:41+0000
195	unset	in a relationship	2011-05-13T17:58:21+0000
196	unset	in a relationship	2011-07-05T00:19:26+0000
197	unset	married	2011-01-31T17:25:22+0000
198	unset	in a relationship	2011-02-15T21:05:04+0000
199	unset	in a relationship	2010-08-10T13:45:46+0000
200	unset	in a relationship	2011-03-30T17:37:50+0000
201	unset	in a relationship	2012-08-12T20:07:29+0000
202	unset	in a relationship	2012-10-08T15:17:27+0000
203	unset	married	2009-06-11T14:48:25+0000
204	unset	in a relationship	2012-05-26T14:06:06+0000
205	single	in a relationship	2012-06-23T17:42:18+0000
206	unset	in a relationship	2012-01-23T11:55:04+0000
207	unset	engaged	2012-03-19T19:25:35+0000
208	single	in a relationship	2011-09-18T12:20:08+0000
208	unset	in a relationship	2012-10-03T11:45:33+0000
209	unset	married	2011-04-12T09:23:43+0000
210	unset	in a relationship	2011-01-20T08:13:28+0000
211	unset	in a relationship	2010-01-06T21:38:05+0000
212	engaged	single	2012-09-27T23:24:15+0000
213	unset	engaged	2012-12-14T13:42:23+0000
214	unset	married	2012-09-20T13:05:30+0000
215	unset	in a relationship	2012-05-21T08:46:47+0000
216	unset	engaged	2012-12-04T19:12:04+0000
217	in a relationship	single	2012-04-02T20:09:31+0000
218	unset	in a relationship and it's complicated	2009-07-17T16:44:57+0000
219	unset	single	2007-12-04T18:42:08+0000
220	in a relationship	single	2011-04-27T16:15:30+0000
220	married	single	2012-03-26T21:36:45+0000
220	it's complicated	single	2012-04-23T22:02:29+0000
221	unset	in a relationship	2010-01-17T13:59:10+0000
222	unset	single	2008-10-19T16:25:37+0000
223	unset	in a relationship	2012-11-28T20:18:55+0000
224	unset	in a relationship	2009-12-04T12:20:19+0000
225	unset	in a relationship	2012-06-08T14:39:18+0000
226	unset	single	2011-10-31T13:33:25+0000
226	in a relationship	single	2012-08-03T17:21:47+0000
227	unset	engaged	2012-12-04T21:29:16+0000
228	single	in a relationship	2012-03-21T11:56:26+0000
228	unset	in a relationship	2012-04-11T11:41:44+0000
229	unset	married	2012-07-02T09:22:20+0000
230	unset	single	2010-05-17T15:37:43+0000
230	in a relationship	single	2013-01-03T15:45:36+0000
231	unset	married	2010-10-04T18:31:53+0000
232	in a relationship	single	2012-04-13T12:57:45+0000
233	unset	in a domestic partnership	2012-02-16T16:39:19+0000
234	unset	single	2011-10-11T03:44:19+0000
234	it's complicated	single	2012-01-17T23:54:14+0000
235	unset	in a relationship	2012-02-05T22:45:12+0000
236	unset	engaged	2011-09-20T09:57:45+0000
237	unset	married	2012-07-26T11:35:53+0000
238	unset	married	2010-10-09T21:57:26+0000
239	unset	in a relationship	2011-05-26T16:04:18+0000
240	unset	single	2012-03-05T22:40:02+0000
241	unset	in a relationship	2011-03-05T13:17:36+0000
242	unset	in a relationship	2010-08-25T14:21:43+0000
243	unset	engaged	2012-11-02T15:32:31+0000
244	unset	in a relationship	2010-04-07T14:20:44+0000
245	unset	married	2007-11-09T22:57:00+0000
246	in a relationship	single	2012-01-15T15:47:27+0000
247	unset	in a relationship	2012-07-10T19:52:40+0000
248	unset	in a relationship	2012-10-25T20:57:58+0000
249	unset	married	2012-08-05T21:22:33+0000
250	unset	married	2012-06-14T22:24:00+0000
251	unset	in a relationship	2010-07-22T21:09:59+0000
252	single	in a relationship	2011-12-22T20:58:37+0000
252	unset	in a relationship	2011-12-22T21:05:24+0000
253	unset	engaged	2010-08-21T19:08:50+0000
254	in a relationship	married	2011-07-11T20:29:07+0000
255	unset	in a relationship	2012-04-16T17:15:49+0000
256	unset	in a relationship	2010-02-23T21:51:27+0000
257	in a relationship	single	2011-09-22T18:40:29+0000
258	unset	in a relationship	2012-09-10T12:23:07+0000
259	unset	in a relationship	2012-10-27T13:11:03+0000
260	unset	in a relationship	2010-07-20T09:57:53+0000
261	unset	single	2012-04-09T17:35:04+0000
262	unset	in a relationship	2010-07-19T11:28:04+0000
262	single	in a relationship	2012-01-09T14:17:37+0000
262	unset	in a relationship	2012-07-16T09:41:49+0000
263	in a relationship	single	2012-11-01T12:01:18+0000
264	unset	married	2012-12-09T18:01:00+0000
265	in a relationship	single	2012-01-03T15:33:49+0000
266	in a relationship	single	2011-11-27T07:41:46+0000
267	unset	in a relationship	2012-02-27T00:02:31+0000
268	engaged	single	2011-10-06T16:54:19+0000
268	in a relationship	single	2012-09-18T18:02:56+0000
269	in a relationship	single	2012-12-17T22:26:13+0000
270	single	in a relationship	2012-05-05T16:01:13+0000
270	unset	in a relationship	2012-05-05T16:10:22+0000
271	unset	in a relationship	2010-01-27T16:34:32+0000
272	in a relationship	single	2011-11-08T15:04:51+0000
273	married	single	2011-09-27T21:39:36+0000
273	in a relationship	single	2012-05-26T20:18:06+0000
273	married	single	2012-07-24T13:54:09+0000
274	unset	single	2008-12-25T20:41:51+0000
275	in a relationship	single	2012-04-12T05:11:43+0000
276	unset	in a relationship	2010-03-27T21:32:34+0000
277	single	in a relationship	2011-06-12T22:26:42+0000
277	unset	in a relationship	2011-06-15T12:02:54+0000
278	unset	married	2012-06-24T11:56:59+0000
279	married	in a relationship	2012-05-07T10:36:16+0000
280	unset	married	2010-10-26T13:56:39+0000
281	in a relationship	single	2011-10-12T11:02:14+0000
282	single	in a relationship	2012-09-09T11:58:04+0000
283	unset	engaged	2012-07-03T20:57:29+0000
284	married	it's complicated	2012-12-29T19:47:11+0000
285	in a relationship	single	2012-01-10T17:56:14+0000
285	it's complicated	single	2012-06-09T06:39:06+0000
286	unset	single	2010-11-21T19:03:46+0000
287	unset	single	2010-09-10T16:18:40+0000
288	unset	married	2012-09-19T06:42:35+0000
289	unset	in a relationship	2010-10-15T10:36:07+0000
290	unset	married	2011-04-07T09:12:41+0000
291	unset	engaged	2012-06-27T11:38:09+0000
292	unset	single	2010-02-22T17:14:33+0000
292	in an open relationship	single	2011-01-15T16:16:16+0000
293	unset	single	2009-11-06T18:26:17+0000
293	in a relationship	single	2011-09-16T15:49:05+0000
294	unset	single	2007-06-18T18:53:40+0000
295	married	single	2010-05-02T11:05:20+0000
296	unset	married	2009-01-20T22:25:24+0000
297	unset	single	2012-09-29T18:25:19+0000
298	single	in a relationship	2011-01-12T14:54:41+0000
298	unset	in a relationship	2012-12-01T18:39:10+0000
299	unset	in a relationship	2010-05-05T22:09:29+0000
300	unset	engaged	2011-12-29T13:57:35+0000
301	unset	in a relationship	2012-09-12T01:14:23+0000
302	unset	in a relationship	2012-11-27T19:34:48+0000
303	it's complicated	single	2010-07-21T14:00:14+0000
304	unset	single	2009-02-24T12:14:59+0000
305	unset	married	2011-08-11T10:05:43+0000
306	single	in a relationship	2012-10-08T18:23:06+0000
307	single	in a relationship	2012-10-23T02:24:12+0000
307	unset	in a relationship	2012-10-24T00:20:58+0000
308	unset	in a relationship	2012-10-15T18:42:29+0000
309	unset	married	2010-11-16T10:53:33+0000
310	unset	married	2010-12-01T18:10:33+0000
311	single	in a relationship	2010-04-27T18:17:09+0000
311	unset	in a relationship	2012-02-26T11:58:07+0000
312	unset	in a relationship	2012-08-14T07:05:31+0000
313	unset	single	2010-06-08T01:06:25+0000
314	unset	engaged	2012-06-30T19:20:22+0000
315	unset	engaged	2011-07-31T20:32:29+0000
316	unset	in a relationship	2012-05-31T18:46:49+0000
317	unset	married	2010-11-15T20:48:46+0000
318	unset	single	2011-01-27T14:28:14+0000
319	in a relationship	single	2011-11-11T16:35:29+0000
319	unset	single	2012-05-14T13:09:49+0000
319	in an open relationship	single	2012-07-21T07:55:03+0000
320	unset	in a relationship	2009-04-10T10:14:55+0000
321	in a relationship	single	2012-09-28T16:28:37+0000
322	unset	single	2010-05-03T20:43:44+0000
322	engaged	single	2012-12-01T18:51:09+0000
323	unset	engaged	2010-12-22T21:51:36+0000
324	unset	married	2012-09-04T20:00:38+0000
325	unset	single	2010-02-04T09:52:39+0000
325	in a relationship	single	2010-12-12T11:13:36+0000
326	in a relationship	single	2012-11-10T01:53:30+0000
327	unset	in a relationship	2008-11-29T01:20:39+0000
328	single	married	2009-02-25T01:23:36+0000
329	it's complicated	single	2011-09-18T07:09:02+0000
330	unset	engaged	2012-12-06T09:57:11+0000
331	in a relationship	married	2011-03-07T20:08:28+0000
331	unset	married	2011-09-13T20:39:43+0000
332	unset	married	2012-05-27T20:18:16+0000
333	unset	in a relationship	2012-03-15T14:38:05+0000
334	single	in a relationship	2011-03-20T12:20:24+0000
334	unset	in a relationship	2011-06-29T13:00:06+0000
335	unset	in a relationship	2009-03-23T15:48:08+0000
336	unset	in a relationship	2011-09-12T20:12:07+0000
337	single	in a relationship	2011-03-27T10:40:38+0000
338	unset	single	2009-04-07T14:29:06+0000
339	unset	engaged	2012-02-28T04:18:51+0000
340	unset	single	2009-12-13T12:32:02+0000
340	in a relationship	single	2010-02-22T07:16:26+0000
340	it's complicated	single	2010-11-01T10:38:49+0000
340	in a relationship	single	2011-01-17T14:39:56+0000
341	unset	in an open relationship	2011-08-11T16:18:11+0000
342	unset	single	2012-06-23T16:49:36+0000
343	unset	single	2012-03-03T01:19:55+0000
344	in a relationship	engaged	2012-08-31T05:31:03+0000
345	in a relationship	single	2012-10-28T17:30:19+0000
346	unset	married	2012-07-08T13:49:22+0000
347	unset	in a relationship	2012-08-06T15:49:13+0000
348	single	in a relationship	2009-12-12T22:15:05+0000
348	unset	in a relationship	2010-07-14T09:46:04+0000
349	unset	single	2009-05-25T17:24:26+0000
350	unset	engaged	2012-06-20T03:35:30+0000
351	unset	in a relationship	2012-11-26T10:16:29+0000
352	married	single	2011-03-06T14:22:19+0000
353	single	in a relationship	2011-04-04T21:17:13+0000
353	unset	in a relationship	2011-06-30T08:31:25+0000
354	unset	in a relationship	2008-06-04T14:35:59+0000
355	unset	married	2012-08-13T10:40:03+0000
356	unset	in a relationship	2010-10-01T21:24:39+0000
356	single	in a relationship	2011-01-09T12:41:13+0000
356	unset	in a relationship	2012-06-23T22:46:42+0000
357	unset	single	2008-07-22T14:14:40+0000
358	unset	engaged	2010-01-04T21:22:18+0000
359	unset	engaged	2012-10-14T21:34:20+0000
360	unset	in a relationship	2012-08-14T17:58:48+0000
361	unset	in a relationship	2011-04-23T17:30:44+0000
362	unset	single	2009-01-25T22:12:21+0000
363	in a relationship	single	2012-09-18T20:20:28+0000
364	unset	in a relationship	2012-08-30T18:55:34+0000
365	unset	in a relationship	2009-07-08T09:57:22+0000
365	it's complicated	in a relationship	2010-11-04T22:21:41+0000
365	unset	in a relationship	2010-11-06T14:24:46+0000
366	single	in a relationship	2011-02-08T19:03:37+0000
366	unset	in a relationship	2011-05-26T22:31:14+0000
367	unset	single	2010-02-26T13:11:54+0000
368	unset	married	2011-10-05T20:25:31+0000
369	single	in a relationship	2011-02-28T19:02:54+0000
369	unset	in a relationship	2011-06-10T13:40:22+0000
370	unset	single	2010-01-15T15:26:06+0000
370	in a relationship	single	2011-04-03T13:55:00+0000
371	unset	in a relationship	2010-04-26T12:30:04+0000
372	in a relationship	single	2012-02-28T15:20:50+0000
372	engaged	single	2012-11-20T21:43:40+0000
373	unset	in a relationship	2012-04-18T15:31:55+0000
374	unset	in a relationship	2012-02-05T09:52:16+0000
375	unset	in a relationship	2011-12-08T20:54:11+0000
376	it's complicated	in a relationship	2010-07-05T20:27:13+0000
377	unset	single	2010-11-07T20:50:00+0000
378	unset	single	2009-08-25T10:22:31+0000
379	unset	single	2011-07-12T08:23:48+0000
379	in a relationship	single	2011-07-12T16:49:46+0000
379	unset	single	2012-02-16T08:24:04+0000
380	unset	engaged	2012-11-17T14:06:25+0000
381	unset	engaged	2009-12-24T21:39:31+0000
381	married	engaged	2009-12-24T21:55:33+0000
381	unset	engaged	2012-04-01T13:00:30+0000
382	unset	married	2012-06-06T16:23:12+0000
383	in a relationship	single	2012-06-23T00:48:35+0000
384	single	in a relationship	2011-05-02T20:59:44+0000
384	unset	in a relationship	2011-07-10T03:49:19+0000
385	unset	in a relationship	2010-11-14T21:04:32+0000
386	in a relationship	single	2010-05-16T23:09:31+0000
387	single	in a relationship	2010-02-28T10:26:30+0000
387	unset	in a relationship	2012-06-11T10:32:00+0000
388	unset	married	2009-03-26T16:56:30+0000
389	single	in a relationship	2011-06-09T13:50:33+0000
389	unset	in a relationship	2012-07-24T11:58:34+0000
390	unset	married	2011-09-18T21:15:42+0000
391	in a relationship	single	2012-04-25T08:37:27+0000
392	unset	engaged	2009-10-15T18:16:37+0000
393	single	in a relationship	2011-09-11T14:54:59+0000
393	unset	in a relationship	2011-09-26T12:46:06+0000
394	unset	married	2010-09-11T09:10:12+0000
395	unset	married	2012-11-06T19:30:35+0000
396	unset	single	2009-03-06T13:05:23+0000
397	unset	in a relationship	2012-09-10T17:11:41+0000
398	unset	in a relationship	2011-01-01T13:51:48+0000
399	unset	engaged	2012-10-09T07:57:51+0000
400	unset	in a relationship	2012-02-25T15:44:52+0000
401	in a relationship	single	2012-12-02T19:02:10+0000
402	unset	in a relationship	2010-10-22T06:38:16+0000
403	unset	in a relationship	2012-11-18T18:00:07+0000
404	unset	married	2012-07-25T06:11:09+0000
405	unset	in a relationship	2010-03-20T18:40:36+0000
406	it's complicated	single	2011-08-25T13:19:11+0000
407	single	in a relationship	2012-09-25T19:38:46+0000
408	unset	married	2012-09-16T18:33:17+0000
409	unset	single	2008-02-28T22:23:45+0000
410	unset	in a relationship	2012-06-03T18:30:09+0000
411	unset	single	2010-04-29T14:57:23+0000
412	unset	single	2010-12-02T14:25:37+0000
413	in a relationship	it's complicated	2010-12-06T07:25:15+0000
414	in a relationship	single	2012-08-14T10:18:59+0000
415	unset	engaged	2011-12-22T21:42:45+0000
416	unset	in a relationship	2011-09-19T20:32:34+0000
417	single	in a relationship	2011-08-30T11:25:02+0000
418	unset	in a relationship	2012-08-24T19:41:00+0000
419	unset	married	2012-03-24T21:02:22+0000
420	unset	in a relationship	2009-01-24T08:21:17+0000
420	single	in a relationship	2009-11-01T19:09:58+0000
420	unset	in a relationship	2010-09-21T12:36:34+0000
421	unset	in a relationship	2011-10-13T07:26:45+0000
422	unset	in a relationship	2012-09-28T11:06:25+0000
423	unset	married	2012-06-15T20:32:18+0000
424	unset	in a relationship	2011-07-15T08:30:22+0000
425	unset	in a relationship	2010-11-08T18:54:37+0000
425	single	in a relationship	2010-11-10T23:55:10+0000
425	unset	in a relationship	2012-09-11T18:35:00+0000
426	unset	in a relationship	2011-03-22T19:47:11+0000
427	unset	in a relationship	2008-08-12T14:50:18+0000
428	unset	engaged	2008-12-07T20:53:24+0000
429	in a relationship	single	2012-07-18T23:51:25+0000
430	unset	married	2012-06-05T10:37:18+0000
431	unset	in an open relationship	2011-01-12T15:49:48+0000
432	in a relationship	single	2011-08-29T16:37:01+0000
433	in a relationship	single	2013-01-03T21:22:05+0000
434	unset	in a relationship	2007-11-16T18:40:07+0000
435	unset	in a relationship	2010-05-12T15:22:56+0000
436	unset	in a relationship	2012-09-25T01:09:50+0000
437	unset	in a relationship	2008-09-27T15:30:57+0000
438	it's complicated	single	2012-10-22T10:37:31+0000
439	unset	married	2012-05-27T14:22:12+0000
440	engaged	single	2012-02-11T20:35:01+0000
441	unset	single	2009-06-25T09:02:25+0000
442	unset	married	2012-09-24T22:02:23+0000
443	engaged	married	2011-06-09T18:18:58+0000
443	unset	married	2011-06-22T06:46:29+0000
444	unset	single	2009-12-30T14:12:04+0000
444	in a relationship	single	2011-04-02T01:13:40+0000
445	single	in a relationship	2012-01-12T19:59:40+0000
446	engaged	married	2012-12-03T12:18:59+0000
447	unset	in a relationship	2009-10-13T13:45:29+0000
448	unset	in a relationship	2010-11-09T20:07:05+0000
449	unset	in a relationship	2010-04-06T15:55:22+0000
450	unset	in a civil union	2012-08-07T19:48:29+0000
451	unset	in a relationship	2009-10-25T18:11:16+0000
451	single	in a relationship	2011-04-01T13:36:39+0000
451	unset	in a relationship	2012-02-06T21:14:29+0000
452	unset	in a relationship	2012-10-31T16:33:42+0000
453	unset	engaged	2012-10-13T21:39:36+0000
454	in a relationship	married	2008-02-29T14:23:08+0000
454	unset	married	2011-11-15T14:22:27+0000
455	in a relationship	single	2012-05-12T13:12:20+0000
455	married	single	2012-10-19T22:36:47+0000
455	it's complicated	single	2012-11-25T21:07:47+0000
456	unset	engaged	2012-12-03T17:19:35+0000
457	single	married	2011-11-16T22:13:50+0000
457	unset	married	2011-11-27T09:49:18+0000
458	unset	engaged	2012-05-07T17:28:21+0000
459	unset	in a relationship	2011-12-19T23:28:31+0000
460	unset	married	2011-08-15T15:40:29+0000
461	unset	in a relationship	2012-09-19T17:51:44+0000
462	unset	single	2009-10-15T09:16:41+0000
463	unset	in a relationship	2012-09-17T16:45:45+0000
464	unset	married	2011-10-13T11:36:25+0000
465	unset	in a relationship	2011-08-31T16:09:16+0000
466	unset	in a relationship and it's complicated	2012-08-04T00:07:53+0000
467	unset	married	2011-09-10T10:08:40+0000
468	unset	single	2010-08-13T05:39:40+0000
468	in a relationship	single	2010-09-28T22:05:15+0000
469	unset	in a relationship	2011-09-19T10:35:27+0000
470	unset	in a relationship	2011-07-10T01:02:12+0000
471	unset	single	2010-05-14T20:30:33+0000
471	married	single	2010-07-18T20:09:41+0000
471	in a relationship	single	2012-01-16T11:04:03+0000
472	unset	in a relationship	2011-07-23T23:17:34+0000
473	unset	married	2012-05-25T12:28:49+0000
474	unset	single	2008-08-17T16:55:42+0000
474	in an open relationship	single	2010-11-16T21:30:23+0000
474	in a relationship	single	2012-05-28T23:06:11+0000
475	unset	single	2010-01-14T16:44:06+0000
476	in an open relationship	in a relationship	2009-10-23T17:17:51+0000
477	unset	in a relationship	2010-09-27T19:06:52+0000
478	single	in a relationship	2012-03-10T21:39:34+0000
478	unset	in a relationship	2012-03-11T17:03:17+0000
479	unset	single	2009-12-27T19:51:38+0000
480	single	in a relationship	2010-06-28T21:48:10+0000
480	unset	in a relationship	2011-09-01T17:54:37+0000
480	single	in a relationship	2011-12-08T22:28:29+0000
480	unset	in a relationship	2011-12-08T22:28:46+0000
481	unset	single	2012-08-04T15:21:49+0000
482	in a relationship	single	2012-11-22T15:06:08+0000
483	engaged	married	2012-10-13T07:40:17+0000
484	engaged	single	2013-01-05T09:50:13+0000
485	unset	single	2011-12-13T11:06:44+0000
486	unset	married	2012-09-16T19:56:49+0000
487	unset	in a relationship	2012-04-20T18:00:51+0000
488	unset	engaged	2012-10-30T21:30:02+0000
489	unset	single	2011-10-30T16:30:49+0000
489	in a relationship	single	2012-01-18T16:30:16+0000
489	married	single	2012-07-29T12:04:52+0000
489	in a relationship	single	2012-11-11T17:10:00+0000
490	unset	in a relationship	2012-10-07T22:49:26+0000
491	single	in a relationship	2012-02-18T20:31:19+0000
491	unset	in a relationship	2012-11-01T10:10:45+0000
492	unset	in a relationship	2010-01-19T21:07:38+0000
493	unset	in a relationship	2012-01-27T03:16:41+0000
494	in a relationship	single	2012-08-08T10:29:23+0000
495	unset	married	2012-01-10T09:02:15+0000
496	single	in a relationship	2011-06-23T14:07:22+0000
497	unset	in a relationship	2010-10-04T10:10:47+0000
498	unset	single	2010-10-02T16:29:42+0000
499	unset	single	2010-05-23T20:04:50+0000
500	single	in a relationship	2010-09-29T15:48:41+0000
500	unset	in a relationship	2010-12-09T13:25:21+0000
501	unset	in a relationship	2011-02-19T22:02:20+0000
501	single	in a relationship	2012-08-25T13:58:54+0000
501	unset	in a relationship	2012-11-22T16:34:10+0000
502	in a relationship	single	2011-08-27T22:56:51+0000
503	unset	single	2011-08-11T10:54:23+0000
504	unset	married	2008-03-10T21:37:53+0000
505	married	single	2012-11-10T12:08:54+0000
506	unset	married	2012-01-04T21:07:27+0000
507	single	in a relationship	2012-08-14T16:49:19+0000
507	unset	in a relationship	2012-08-14T16:50:03+0000
508	single	in a relationship	2012-08-21T17:48:01+0000
509	unset	in a relationship	2011-09-19T23:12:54+0000
510	unset	in a relationship	2011-04-29T07:14:39+0000
511	unset	in a relationship	2011-03-15T20:53:14+0000
512	unset	in a relationship	2011-11-07T22:32:53+0000
513	unset	in a relationship	2011-05-23T06:02:00+0000
514	unset	in a relationship	2012-02-08T15:10:33+0000
515	unset	in a relationship	2009-12-25T12:09:57+0000
516	unset	in a relationship	2012-12-09T22:04:21+0000
517	it's complicated	single	2010-05-22T16:48:12+0000
518	unset	in a relationship	2012-08-25T23:06:04+0000
519	unset	in a relationship	2012-09-28T16:02:39+0000
520	in a relationship	single	2012-02-12T09:37:11+0000
521	unset	in a relationship	2012-09-04T13:57:22+0000
522	unset	single	2009-11-14T21:49:21+0000
522	in a relationship	single	2012-04-01T16:06:23+0000
523	single	in a relationship	2012-05-27T16:20:17+0000
524	unset	in a relationship	2012-12-10T21:43:30+0000
525	unset	married	2009-03-24T20:02:16+0000
526	unset	engaged	2011-08-31T08:22:27+0000
527	unset	married	2010-10-07T10:17:06+0000
528	unset	in a relationship	2012-02-01T16:16:57+0000
529	single	in a relationship	2010-08-09T14:18:57+0000
529	unset	in a relationship	2011-01-20T22:39:48+0000
530	unset	in a relationship	2007-12-10T00:54:30+0000
531	unset	in a relationship	2012-06-13T19:37:48+0000
532	unset	married	2010-07-11T16:12:48+0000
533	unset	in a relationship	2012-04-22T19:44:33+0000
534	in a relationship	single	2012-12-06T00:16:01+0000
535	unset	in a relationship	2009-12-30T21:21:11+0000
536	single	in a relationship	2010-06-12T14:09:00+0000
536	unset	in a relationship	2011-03-26T23:26:48+0000
536	single	in a relationship	2011-06-12T15:29:06+0000
536	unset	in a relationship	2011-06-15T21:19:28+0000
537	unset	in a relationship	2011-03-30T15:32:19+0000
538	engaged	married	2010-06-29T19:03:15+0000
539	unset	engaged	2012-01-04T20:29:29+0000
540	unset	married	2010-03-29T22:50:18+0000
541	unset	in a relationship	2010-05-18T21:46:48+0000
542	unset	engaged	2010-06-29T06:54:20+0000
543	unset	single	2008-12-07T12:45:34+0000
543	in a relationship	single	2012-06-29T21:18:37+0000
544	unset	in a relationship	2012-09-18T07:07:50+0000
545	married	in a relationship	2010-12-05T12:23:19+0000
546	unset	in a relationship	2010-08-12T12:40:33+0000
547	single	in a relationship	2011-10-29T16:52:30+0000
548	unset	in a relationship	2012-10-17T20:35:21+0000
549	unset	in a relationship	2010-11-02T23:32:21+0000
550	unset	engaged	2012-11-20T12:40:03+0000
551	single	in a relationship	2012-09-25T14:52:47+0000
552	in a relationship	single	2012-11-03T19:12:22+0000
553	unset	in a relationship	2010-11-15T20:26:36+0000
554	unset	engaged	2010-08-26T13:18:21+0000
555	unset	in a relationship	2011-02-28T20:16:52+0000
556	single	engaged	2011-04-11T18:44:53+0000
556	unset	engaged	2012-10-19T11:06:45+0000
557	in a relationship	single	2012-10-10T21:19:41+0000
558	unset	married	2010-08-22T16:28:51+0000
559	unset	married	2012-09-02T09:04:16+0000
560	in a relationship	single	2011-12-01T08:51:04+0000
561	unset	married	2011-05-16T04:31:00+0000
562	unset	single	2008-05-12T16:52:01+0000
562	in a relationship	single	2010-07-24T07:17:30+0000
563	unset	in a relationship	2012-10-08T14:12:13+0000
564	unset	engaged	2012-03-03T11:19:24+0000
565	unset	married	2011-02-25T14:09:26+0000
566	unset	in a relationship	2012-02-19T20:27:40+0000
567	single	in a relationship	2010-10-06T20:49:33+0000
567	unset	in a relationship	2012-12-08T18:25:11+0000
568	engaged	in a relationship	2012-01-07T12:34:03+0000
568	single	in a relationship	2012-01-07T12:36:49+0000
568	unset	in a relationship	2012-01-07T13:30:21+0000
569	unset	in an open relationship	2009-10-27T20:12:06+0000
570	engaged	single	2012-11-30T17:56:30+0000
571	unset	single	2008-09-06T14:30:20+0000
571	married	single	2009-05-28T18:54:16+0000
571	in a relationship	single	2009-05-28T19:17:29+0000
571	engaged	single	2009-05-29T07:12:05+0000
571	unset	single	2009-09-05T04:07:28+0000
571	in an open relationship	single	2009-10-11T20:49:52+0000
571	engaged	single	2009-10-11T20:51:17+0000
571	married	single	2010-01-25T20:51:58+0000
571	in a relationship	single	2010-01-25T21:12:17+0000
571	married	single	2010-01-26T14:53:55+0000
571	it's complicated	single	2010-01-26T14:54:24+0000
571	in a relationship	single	2010-02-20T13:16:05+0000
571	engaged	single	2010-05-02T08:15:08+0000
571	in a relationship	single	2010-06-20T16:21:50+0000
571	engaged	single	2010-07-16T14:36:38+0000
572	unset	engaged	2011-10-18T14:19:53+0000
573	unset	in a relationship	2011-09-25T18:32:24+0000
574	unset	single	2010-03-29T17:49:26+0000
575	unset	in a relationship	2010-03-02T19:05:15+0000
576	unset	in a relationship	2011-12-16T18:45:11+0000
577	unset	in a relationship	2012-08-12T21:20:44+0000
578	unset	married	2012-10-11T19:57:35+0000
579	single	in a relationship	2009-05-31T12:00:52+0000
580	unset	in a relationship	2012-08-03T21:00:54+0000
581	in a relationship	single	2012-11-09T14:30:59+0000
581	married	single	2012-11-25T16:00:49+0000
582	unset	single	2010-02-13T17:44:40+0000
583	unset	single	2011-07-05T00:41:08+0000
583	in a relationship	single	2012-09-11T21:47:53+0000
584	single	it's complicated	2011-03-08T15:22:21+0000
585	in a relationship	single	2011-09-02T10:10:26+0000
585	in an open relationship	single	2012-04-08T22:52:28+0000
586	unset	married	2011-12-08T20:02:43+0000
587	unset	single	2012-06-13T07:49:46+0000
588	unset	in a relationship	2010-11-13T05:36:04+0000
589	it's complicated	single	2009-10-06T21:38:01+0000
590	unset	married	2011-11-10T21:48:52+0000
591	unset	single	2011-05-06T21:06:10+0000
592	unset	engaged	2011-07-24T19:17:52+0000
593	unset	in a relationship	2008-07-10T06:43:08+0000
594	unset	in a relationship and it's complicated	2012-08-05T21:02:16+0000
595	unset	in a relationship	2012-10-27T20:57:30+0000
596	in a relationship	single	2012-07-11T15:51:12+0000
597	unset	single	2012-02-12T21:42:39+0000
598	in a relationship	single	2011-11-27T12:24:01+0000
599	unset	married	2010-04-11T22:43:23+0000
600	unset	married	2012-06-25T08:14:23+0000
601	unset	married	2011-03-07T10:07:39+0000
602	unset	engaged	2012-07-29T21:03:09+0000
603	in a relationship	single	2010-11-21T08:09:39+0000
604	single	in a relationship	2012-10-04T09:32:28+0000
605	unset	in an open relationship	2012-04-05T22:12:11+0000
606	in a relationship	single	2012-04-29T07:01:26+0000
607	unset	in a relationship	2011-12-27T13:12:09+0000
608	in a relationship	engaged	2011-01-22T22:06:00+0000
609	unset	married	2012-05-15T03:18:59+0000
610	single	in a relationship	2011-04-30T12:40:31+0000
611	in a relationship	single	2012-12-29T10:03:28+0000
612	unset	in a relationship	2012-10-09T10:36:25+0000
613	unset	in a relationship	2010-11-09T18:57:52+0000
614	unset	single	2008-10-16T22:50:15+0000
614	in an open relationship	single	2009-01-15T21:35:02+0000
614	in a relationship	single	2009-03-06T22:05:11+0000
614	engaged	single	2012-11-09T14:21:36+0000
615	unset	in a relationship	2012-02-04T12:25:39+0000
616	unset	single	2010-01-20T13:32:37+0000
617	unset	engaged	2011-06-03T15:57:03+0000
618	unset	engaged	2012-08-16T21:19:09+0000
619	unset	in a relationship	2010-06-14T14:30:53+0000
620	single	in a relationship	2011-10-18T12:39:42+0000
621	married	single	2009-11-08T17:01:55+0000
621	in a relationship	single	2009-12-16T10:47:38+0000
621	married	single	2011-01-30T13:01:02+0000
621	in a relationship	single	2012-03-15T13:07:03+0000
622	unset	in a relationship	2009-02-04T19:02:25+0000
623	unset	in a relationship	2008-12-14T20:50:16+0000
624	unset	engaged	2012-06-30T19:19:31+0000
625	unset	single	2011-07-04T07:40:35+0000
625	in a relationship	single	2012-01-11T15:03:00+0000
626	engaged	married	2010-09-20T20:19:46+0000
627	unset	in a relationship	2012-11-18T22:00:56+0000
628	engaged	married	2011-08-14T08:26:14+0000
628	unset	married	2011-08-14T16:36:26+0000
629	unset	in a relationship	2010-10-27T22:50:38+0000
630	single	in a relationship	2011-01-16T01:39:12+0000
630	unset	in a relationship	2011-01-28T22:20:47+0000
631	engaged	in an open relationship	2012-06-01T13:35:02+0000
632	single	in a relationship	2012-12-05T04:31:38+0000
633	in an open relationship	single	2012-03-08T20:22:23+0000
633	married	single	2012-11-04T21:21:45+0000
634	unset	in a relationship	2011-07-03T10:34:36+0000
635	it's complicated	in a relationship	2012-10-26T18:11:03+0000
636	unset	single	2010-12-07T23:37:38+0000
637	unset	engaged	2012-02-18T15:49:05+0000
638	unset	in a relationship	2012-01-17T20:44:43+0000
639	engaged	married	2010-08-31T13:52:31+0000
639	unset	married	2010-09-14T21:15:56+0000
640	unset	in a relationship	2010-02-26T23:09:12+0000
640	in an open relationship	in a relationship	2010-12-10T12:43:49+0000
640	unset	in a relationship	2011-04-26T18:47:15+0000
641	unset	single	2010-05-26T20:04:22+0000
642	single	in a relationship	2010-01-17T11:24:39+0000
642	unset	in a relationship	2010-11-06T08:45:40+0000
643	unset	in a relationship	2012-05-28T09:02:21+0000
644	unset	married	2010-09-08T12:57:00+0000
645	in a relationship	single	2010-12-19T11:15:44+0000
646	unset	in a relationship	2008-08-15T20:28:16+0000
647	unset	in a relationship	2011-07-17T10:44:54+0000
648	unset	in a relationship	2010-10-11T18:14:46+0000
649	unset	married	2010-11-17T12:45:16+0000
650	unset	in a relationship	2008-09-13T12:05:08+0000
651	unset	single	2009-03-08T21:53:13+0000
651	in a relationship	single	2011-12-06T15:53:01+0000
652	it's complicated	single	2012-03-14T20:39:17+0000
652	married	single	2012-07-11T20:52:00+0000
652	in a relationship	single	2012-09-04T19:12:18+0000
652	engaged	single	2012-10-07T18:22:06+0000
652	in a relationship	single	2012-10-14T19:05:43+0000
652	it's complicated	single	2012-12-06T16:55:02+0000
653	unset	in a relationship	2012-11-04T01:06:28+0000
654	in an open relationship	single	2011-03-23T22:27:04+0000
655	unset	married	2011-08-23T16:13:44+0000
656	unset	married	2011-01-11T13:59:58+0000
657	it's complicated	single	2009-03-09T16:22:05+0000
658	unset	engaged	2012-12-09T10:05:28+0000
659	unset	married	2012-09-18T11:40:38+0000
660	in a relationship	single	2011-05-10T22:10:59+0000
660	unset	single	2012-06-09T21:14:33+0000
660	in a relationship	single	2012-09-12T11:02:47+0000
661	unset	in a relationship	2010-05-15T17:11:21+0000
662	unset	engaged	2009-12-30T00:09:27+0000
663	unset	engaged	2012-08-06T12:28:30+0000
664	in a relationship	single	2012-09-25T19:17:19+0000
665	unset	single	2009-04-06T20:44:52+0000
666	in a relationship	single	2012-08-24T18:54:34+0000
667	unset	single	2009-10-29T16:01:11+0000
668	unset	single	2008-10-08T20:47:09+0000
669	it's complicated	single	2006-10-16T00:30:15+0000
670	unset	engaged	2012-07-24T09:59:00+0000
671	unset	in a relationship	2011-03-18T19:09:50+0000
672	engaged	married	2010-10-09T22:50:54+0000
673	unset	engaged	2012-06-17T20:43:43+0000
674	unset	in a relationship	2012-03-07T18:13:26+0000
675	unset	single	2012-09-25T20:40:21+0000
676	unset	in a relationship	2013-01-06T19:48:18+0000
677	unset	in a relationship	2009-10-31T23:16:06+0000
678	unset	in a relationship	2012-11-23T11:56:51+0000
679	unset	in a relationship	2012-09-29T10:32:26+0000
680	unset	engaged	2011-12-25T09:56:17+0000
681	unset	in a relationship	2012-06-21T17:16:40+0000
682	unset	in a relationship	2008-11-21T10:14:20+0000
683	unset	single	2012-11-02T18:58:35+0000
684	unset	in a relationship	2012-06-14T22:06:58+0000
685	it's complicated	in a relationship	2010-11-17T14:23:56+0000
685	unset	in a relationship	2011-08-25T21:38:19+0000
686	unset	in a relationship	2012-01-23T18:27:48+0000
687	unset	married	2012-01-29T19:21:00+0000
688	in a relationship	single	2010-05-30T16:44:34+0000
689	unset	in a relationship	2008-07-21T21:31:09+0000
690	unset	in a civil union	2011-09-21T11:17:12+0000
691	unset	engaged	2012-10-29T15:46:56+0000
692	in a relationship	single	2012-09-17T18:25:34+0000
693	unset	in a relationship	2010-02-15T15:44:30+0000
694	unset	single	2012-04-22T16:00:24+0000
695	it's complicated	in a relationship	2010-03-31T22:17:25+0000
695	single	in a relationship	2010-05-22T20:28:44+0000
695	unset	in a relationship	2010-12-23T18:00:26+0000
696	unset	in a relationship	2012-11-20T12:53:00+0000
697	in a relationship	single	2011-12-11T19:32:04+0000
698	unset	single	2012-09-17T11:52:00+0000
699	unset	single	2010-01-07T19:32:36+0000
700	unset	in a relationship	2009-11-11T14:01:47+0000
701	single	in a relationship	2009-01-30T09:59:05+0000
702	unset	in a relationship	2010-09-15T15:25:52+0000
703	unset	engaged	2012-11-08T19:17:52+0000
704	unset	in a relationship	2011-03-20T20:29:55+0000
705	unset	married	2011-09-07T17:01:26+0000
706	unset	in a relationship	2010-03-22T22:21:57+0000
706	single	in a relationship	2012-09-27T17:39:45+0000
707	unset	in a relationship	2009-06-10T14:26:30+0000
707	it's complicated	in a relationship	2009-10-26T16:47:30+0000
707	unset	in a relationship	2010-02-07T19:49:04+0000
707	single	in a relationship	2011-11-13T16:21:40+0000
707	unset	in a relationship	2012-07-13T07:40:15+0000
708	unset	single	2009-12-14T01:42:11+0000
709	unset	engaged	2012-09-01T15:25:24+0000
710	single	in a relationship	2011-10-22T20:29:00+0000
710	unset	in a relationship	2012-01-09T17:01:10+0000
711	unset	single	2010-10-03T20:05:27+0000
711	in an open relationship	single	2012-04-24T14:45:59+0000
712	unset	in a relationship	2010-07-28T07:16:05+0000
713	unset	engaged	2012-03-31T17:38:13+0000
714	unset	married	2009-10-02T08:53:54+0000
715	unset	in a relationship	2010-03-29T13:24:21+0000
716	engaged	married	2011-07-19T19:35:00+0000
716	unset	married	2011-12-05T00:46:01+0000
717	engaged	in a relationship	2010-11-21T14:21:40+0000
717	unset	in a relationship	2011-10-05T23:03:05+0000
718	unset	married	2012-10-29T19:00:07+0000
719	unset	in a relationship	2010-06-14T06:57:38+0000
720	unset	in a relationship	2012-10-28T11:04:06+0000
721	in a relationship	engaged	2010-09-26T20:11:03+0000
721	unset	engaged	2011-02-13T19:31:43+0000
722	in a relationship	single	2012-10-02T16:43:57+0000
722	engaged	single	2012-10-08T17:04:46+0000
723	in a relationship	single	2011-01-09T00:21:59+0000
724	unset	in a relationship	2011-01-23T16:34:24+0000
725	in a relationship	single	2012-11-16T15:32:53+0000
726	unset	in a relationship	2011-04-05T21:26:17+0000
727	unset	in a relationship	2010-07-15T20:55:28+0000
728	unset	engaged	2012-11-17T15:58:20+0000
729	unset	married	2011-11-20T12:03:50+0000
730	unset	engaged	2012-02-04T13:56:36+0000
731	it's complicated	in a relationship	2012-06-17T19:57:57+0000
732	unset	engaged	2012-03-03T11:20:53+0000
733	unset	in a relationship	2012-05-23T17:04:53+0000
734	unset	single	2011-12-26T16:44:07+0000
734	it's complicated	single	2012-03-28T18:14:32+0000
735	unset	married	2010-08-18T18:14:39+0000
736	unset	single	2010-05-20T20:24:55+0000
737	in a relationship	married	2012-04-16T08:52:43+0000
737	unset	married	2012-12-30T17:52:22+0000
738	unset	single	2012-05-01T15:30:56+0000
739	unset	engaged	2009-10-14T13:01:25+0000
740	unset	married	2011-10-04T06:49:31+0000
741	single	married	2011-10-27T18:56:54+0000
742	married	single	2010-08-23T09:03:42+0000
742	in a relationship	single	2011-07-09T21:04:56+0000
742	in an open relationship	single	2011-10-12T15:15:11+0000
742	in a relationship	single	2012-12-28T00:45:21+0000
743	unset	in a relationship	2010-03-10T11:35:43+0000
743	single	in a relationship	2010-08-16T19:34:39+0000
743	unset	in a relationship	2010-11-29T15:48:47+0000
744	unset	in a relationship	2012-04-15T23:34:56+0000
745	unset	in a relationship	2010-08-13T06:40:40+0000
745	it's complicated	in a relationship	2010-12-14T10:38:13+0000
746	unset	single	2011-02-01T11:02:59+0000
746	in a relationship	single	2011-11-26T13:36:28+0000
747	unset	in a relationship	2008-09-02T18:16:34+0000
747	single	in a relationship	2010-10-06T15:10:09+0000
747	it's complicated	in a relationship	2011-07-11T06:09:47+0000
747	unset	in a relationship	2011-12-27T21:19:12+0000
748	unset	in a relationship	2011-12-06T16:16:32+0000
749	unset	single	2012-12-01T06:24:13+0000
750	unset	engaged	2012-12-07T13:44:56+0000
751	in a relationship	single	2012-04-22T14:00:08+0000
752	unset	in a relationship	2007-09-26T18:46:20+0000
752	single	in a relationship	2009-05-27T18:15:17+0000
752	unset	in a relationship	2009-06-03T17:51:16+0000
753	unset	in a relationship and it's complicated	2011-10-22T10:43:26+0000
754	unset	single	2010-04-11T23:45:00+0000
755	unset	engaged	2010-08-27T08:00:22+0000
756	unset	married	2012-07-10T10:11:06+0000
757	unset	engaged	2012-05-08T21:06:57+0000
758	unset	in a relationship	2012-01-18T19:52:06+0000
759	unset	engaged	2011-02-14T16:12:12+0000
760	unset	in an open relationship	2011-01-20T12:50:43+0000
761	married	in a relationship	2012-05-05T12:55:15+0000
761	unset	in a relationship	2012-05-05T13:00:23+0000
762	single	in a relationship	2012-08-13T15:34:21+0000
762	unset	in a relationship	2012-09-12T11:14:09+0000
763	unset	single	2011-08-30T18:26:10+0000
763	engaged	single	2012-08-16T19:31:56+0000
764	unset	in a relationship	2012-12-12T21:39:20+0000
765	in a relationship	single	2011-12-04T17:39:39+0000
766	unset	in a relationship	2011-06-19T11:44:49+0000
767	unset	in a relationship	2012-02-16T21:25:38+0000
768	unset	in a relationship	2012-02-01T21:03:37+0000
769	unset	engaged	2011-09-01T21:18:12+0000
770	unset	single	2008-03-31T17:35:28+0000
771	unset	in a relationship	2010-04-27T08:39:43+0000
772	unset	single	2010-09-03T16:42:46+0000
772	in a relationship	single	2012-06-08T07:14:21+0000
773	unset	in a relationship	2009-10-21T14:57:03+0000
774	single	in a relationship	2012-03-03T19:55:38+0000
774	unset	in a relationship	2012-03-18T17:14:35+0000
775	unset	engaged	2011-05-24T08:50:37+0000
776	unset	engaged	2012-08-28T13:24:18+0000
777	married	single	2012-06-05T19:36:35+0000
778	unset	single	2010-03-19T10:57:50+0000
779	unset	married	2011-09-08T18:06:20+0000
780	unset	single	2009-06-25T21:20:27+0000
780	in a relationship	single	2010-08-29T12:20:38+0000
781	unset	in a relationship	2012-09-04T14:52:33+0000
782	unset	married	2012-08-12T13:30:41+0000
783	unset	engaged	2012-12-11T10:50:20+0000
784	unset	engaged	2012-10-09T08:14:54+0000
785	unset	in a relationship	2012-01-13T12:15:31+0000
786	unset	single	2009-08-26T19:29:26+0000
787	in a relationship	single	2012-02-06T22:47:14+0000
788	unset	single	2011-09-05T08:30:09+0000
789	unset	single	2010-10-23T14:49:37+0000
789	in a relationship	single	2012-02-09T18:48:44+0000
790	in an open relationship	single	2012-12-15T23:54:01+0000
791	unset	in a relationship	2010-11-30T09:16:14+0000
792	unset	single	2012-12-26T23:12:33+0000
793	unset	in a relationship	2012-05-31T14:28:07+0000
794	unset	in a relationship	2011-09-16T13:32:14+0000
795	single	in a relationship	2010-08-23T14:39:18+0000
796	unset	in a relationship	2009-07-17T10:03:36+0000
797	unset	in a relationship	2008-12-01T21:03:47+0000
797	single	in a relationship	2011-11-27T17:28:38+0000
797	unset	in a relationship	2011-12-15T20:16:55+0000
798	engaged	single	2012-01-22T14:34:14+0000
799	in a relationship	engaged	2011-03-22T08:55:50+0000
800	in a relationship	single	2012-07-18T05:48:10+0000
801	unset	married	2010-11-24T11:40:08+0000
802	unset	in a relationship	2012-12-09T11:22:17+0000
803	in a relationship	single	2012-07-12T15:43:53+0000
804	unset	in a relationship	2011-07-14T16:58:14+0000
805	in a relationship	single	2011-02-11T09:18:55+0000
806	unset	single	2011-01-22T16:15:02+0000
807	in a relationship	single	2012-11-02T19:36:58+0000
808	unset	single	2011-05-12T14:54:21+0000
809	unset	in a relationship	2012-03-02T12:12:58+0000
810	unset	in a relationship	2012-11-15T22:17:24+0000
811	unset	married	2010-12-01T08:46:15+0000
812	unset	in a relationship	2010-08-30T19:53:41+0000
813	unset	single	2009-08-03T06:09:30+0000
814	single	in a relationship	2010-11-08T17:27:11+0000
814	unset	in a relationship	2011-10-25T20:39:46+0000
815	unset	in a relationship	2009-01-03T18:00:46+0000
816	unset	in a relationship	2011-04-01T07:28:08+0000
817	in a relationship	single	2012-08-20T13:10:04+0000
818	unset	in a relationship	2011-02-10T12:41:00+0000
819	in a relationship	engaged	2010-12-28T11:28:14+0000
820	unset	in a relationship	2012-12-01T21:29:48+0000
821	in a relationship	single	2012-03-18T14:51:05+0000
821	it's complicated	single	2012-05-28T04:08:40+0000
821	unset	single	2012-06-02T13:57:38+0000
822	unset	in a relationship	2012-05-14T11:20:27+0000
823	unset	in a relationship	2010-12-05T00:46:26+0000
824	unset	single	2011-01-06T16:26:25+0000
825	unset	single	2010-08-25T03:12:41+0000
826	in a relationship	single	2010-03-03T21:47:19+0000
826	unset	single	2011-08-30T16:31:02+0000
827	unset	single	2010-11-01T21:17:52+0000
828	single	in a relationship	2010-02-17T17:06:27+0000
829	in a relationship	engaged	2011-09-12T15:57:23+0000
830	unset	in a relationship	2009-11-17T23:14:11+0000
830	single	in a relationship	2012-01-23T23:27:03+0000
831	unset	in a relationship	2009-08-24T22:18:46+0000
831	single	in a relationship	2011-06-27T21:13:05+0000
831	unset	in a relationship	2011-09-29T23:06:10+0000
832	unset	engaged	2011-10-19T15:25:10+0000
833	unset	in a relationship	2011-01-06T17:04:18+0000
834	in a relationship	single	2012-10-06T17:42:06+0000
835	unset	in a relationship	2012-04-26T20:50:28+0000
836	unset	in a relationship	2011-06-20T09:45:56+0000
837	unset	engaged	2012-09-12T07:16:23+0000
838	unset	engaged	2012-08-27T16:20:58+0000
839	unset	single	2011-09-11T19:03:28+0000
840	single	in a relationship	2012-03-24T18:53:12+0000
841	it's complicated	single	2012-11-16T23:39:37+0000
842	unset	married	2011-07-28T17:19:33+0000
843	unset	in a relationship	2010-09-19T11:47:37+0000
844	unset	single	2010-03-15T16:01:42+0000
845	unset	in a relationship	2010-03-25T23:23:43+0000
846	unset	in a relationship	2012-02-21T19:04:42+0000
847	unset	single	2010-03-30T14:14:53+0000
848	in a relationship	single	2010-05-29T21:07:07+0000
849	in an open relationship	single	2011-05-31T22:06:31+0000
849	in a relationship	single	2011-11-09T15:08:32+0000
850	unset	single	2009-03-12T21:42:31+0000
850	it's complicated	single	2010-10-18T17:03:38+0000
850	unset	single	2011-02-22T17:31:00+0000
851	unset	married	2012-05-29T18:11:10+0000
852	unset	engaged	2012-12-05T15:48:49+0000
853	in an open relationship	in a relationship	2010-12-01T18:42:04+0000
854	unset	married	2011-10-01T19:51:12+0000
855	unset	married	2010-07-21T20:20:06+0000
856	unset	in a relationship	2009-03-16T11:22:43+0000
857	in a relationship	married	2011-01-25T12:55:49+0000
857	unset	married	2011-01-27T09:38:34+0000
858	unset	single	2010-12-06T18:41:57+0000
859	unset	in a relationship	2010-12-09T17:37:24+0000
860	unset	in a relationship	2011-08-18T17:12:24+0000
861	unset	in a relationship	2012-01-11T21:36:37+0000
862	engaged	single	2012-10-15T18:24:00+0000
863	unset	single	2010-09-24T14:48:13+0000
864	unset	in a relationship	2010-08-31T23:15:03+0000
865	unset	in a relationship	2010-12-28T20:12:27+0000
866	unset	in a relationship	2011-05-04T11:59:56+0000
867	unset	in a relationship	2011-07-02T13:52:58+0000
868	unset	in a relationship	2010-11-24T04:48:00+0000
869	unset	married	2011-09-28T13:25:45+0000
870	unset	engaged	2011-07-28T20:56:05+0000
871	unset	in a relationship	2010-09-27T21:31:24+0000
872	unset	in a relationship	2009-06-28T13:57:27+0000
873	unset	single	2012-12-02T18:53:45+0000
874	unset	single	2008-04-19T21:04:28+0000
875	unset	in a relationship	2009-01-26T08:09:38+0000
875	single	in a relationship	2012-02-24T10:09:31+0000
876	unset	in a relationship	2010-10-24T20:34:08+0000
877	unset	in a relationship	2012-07-01T23:23:12+0000
878	single	in a relationship	2011-01-10T12:51:49+0000
878	unset	in a relationship	2011-01-10T14:24:53+0000
879	unset	in a relationship	2011-04-27T21:25:57+0000
880	single	in a relationship	2010-07-10T17:52:53+0000
881	single	in a relationship	2009-04-09T15:20:11+0000
881	unset	in a relationship	2009-12-06T01:36:42+0000
882	it's complicated	engaged	2012-07-06T18:27:47+0000
883	unset	single	2011-01-03T19:44:12+0000
883	in a relationship	single	2012-07-13T17:40:02+0000
884	unset	married	2012-06-24T18:20:29+0000
885	unset	single	2012-07-01T12:41:33+0000
886	unset	in a relationship	2011-01-20T16:39:25+0000
887	unset	in a relationship	2009-11-24T01:19:50+0000
888	unset	married	2008-01-23T19:49:27+0000
889	unset	in a relationship	2010-11-26T22:34:13+0000
890	unset	in a relationship	2010-11-12T14:05:15+0000
890	it's complicated	in a relationship	2012-02-08T14:50:56+0000
890	unset	in a relationship	2012-05-02T13:54:53+0000
891	unset	single	2009-05-09T23:12:14+0000
892	unset	in a relationship	2009-07-22T14:03:58+0000
893	unset	married	2011-08-25T20:27:43+0000
894	unset	engaged	2012-04-11T15:41:58+0000
895	single	in a relationship	2012-12-02T15:10:59+0000
896	in a relationship	married	2009-10-13T19:06:37+0000
897	unset	in a relationship	2011-12-14T18:23:43+0000
898	unset	in a relationship	2012-10-16T21:41:14+0000
899	married	in a relationship	2012-08-10T06:31:57+0000
899	unset	in a relationship	2012-08-12T08:44:11+0000
900	unset	engaged	2011-11-15T19:57:09+0000
901	unset	single	2009-06-24T00:02:14+0000
902	unset	in a relationship	2010-12-30T10:37:16+0000
903	single	in a relationship	2011-07-25T18:35:29+0000
904	unset	engaged	2011-11-15T09:24:20+0000
905	unset	engaged	2012-09-07T18:45:32+0000
906	single	in a relationship	2011-11-18T23:00:42+0000
906	unset	in a relationship	2012-06-17T15:29:31+0000
907	unset	in a relationship	2012-06-17T17:05:32+0000
908	unset	in a relationship	2012-11-07T07:56:54+0000
909	in an open relationship	in a domestic partnership	2012-01-07T01:34:58+0000
910	unset	in a relationship	2010-01-02T18:30:20+0000
911	unset	in a relationship	2010-10-12T19:55:43+0000
912	unset	in a relationship	2011-02-23T15:59:59+0000
913	unset	married	2010-09-24T21:03:26+0000
914	in a relationship	single	2012-12-17T07:47:00+0000
915	unset	married	2011-03-09T13:54:20+0000
916	married	single	2011-05-03T21:47:42+0000
917	it's complicated	single	2008-12-16T00:55:29+0000
917	in a relationship	single	2010-10-17T17:04:52+0000
918	unset	married	2011-08-23T20:07:21+0000
919	engaged	in a relationship	2010-06-08T21:25:42+0000
919	unset	in a relationship	2011-06-07T15:48:01+0000
920	unset	in a relationship	2012-10-02T09:07:10+0000
921	unset	married	2011-04-26T13:45:56+0000
922	single	in a relationship	2012-01-22T21:27:39+0000
922	unset	in a relationship	2012-01-24T17:19:25+0000
923	it's complicated	in a relationship	2011-01-18T18:04:06+0000
924	unset	in a relationship and it's complicated	2010-04-20T03:57:14+0000
925	unset	married	2011-07-27T02:08:08+0000
926	unset	engaged	2011-07-24T13:51:25+0000
927	unset	in a relationship	2012-12-03T01:01:15+0000
928	unset	in a relationship	2011-03-13T20:45:09+0000
929	unset	in a relationship	2011-08-29T04:06:22+0000
930	in a relationship	single	2012-09-17T14:33:47+0000
931	engaged	married	2012-09-03T08:29:54+0000
932	in a relationship	single	2011-07-22T20:23:10+0000
933	single	in a relationship	2010-07-25T20:06:09+0000
933	unset	in a relationship	2012-12-03T19:57:05+0000
934	unset	married	2012-10-15T17:21:07+0000
935	unset	in a relationship	2012-11-06T21:37:24+0000
936	in a relationship	single	2012-06-19T12:02:35+0000
937	single	in a relationship	2012-11-13T16:41:42+0000
938	unset	single	2010-04-03T12:49:07+0000
939	single	engaged	2012-07-24T06:35:33+0000
940	unset	in a relationship	2011-06-17T08:35:25+0000
941	in a relationship	single	2012-08-26T19:47:59+0000
942	unset	in a relationship	2010-01-29T08:32:06+0000
943	unset	married	2010-01-12T19:23:23+0000
944	unset	in a relationship	2012-11-12T14:25:51+0000
945	unset	engaged	2011-12-27T21:18:49+0000
946	unset	single	2010-03-19T02:52:23+0000
946	it's complicated	single	2010-11-21T02:22:25+0000
947	unset	in a relationship	2012-11-21T10:49:29+0000
948	unset	single	2012-03-12T03:28:13+0000
949	single	in a relationship	2011-07-27T10:44:05+0000
949	unset	in a relationship	2012-10-23T20:19:22+0000
950	unset	engaged	2008-10-28T21:38:05+0000
951	unset	single	2010-07-07T09:28:53+0000
951	in a relationship	single	2011-12-19T23:16:25+0000
952	unset	in a relationship	2008-11-22T20:37:23+0000
952	single	in a relationship	2010-07-15T21:42:06+0000
952	unset	in a relationship	2010-09-26T22:08:45+0000
953	unset	in a relationship	2010-01-07T11:59:12+0000
954	unset	in a relationship	2012-09-04T14:27:06+0000
955	in a relationship	married	2012-09-11T08:35:16+0000
956	unset	in a relationship	2011-11-16T16:04:37+0000
957	it's complicated	in a relationship	2011-05-18T02:11:57+0000
958	single	it's complicated	2012-08-12T20:14:00+0000
959	unset	married	2012-01-15T17:43:50+0000
960	in a relationship	single	2010-12-06T22:15:43+0000
961	unset	in a relationship	2012-04-29T11:54:25+0000
962	it's complicated	single	2011-06-22T18:26:01+0000
963	unset	in a relationship	2011-01-18T16:17:05+0000
964	in a relationship	single	2011-11-08T15:06:36+0000
965	unset	married	2011-02-19T10:11:40+0000
966	single	in a relationship	2011-01-09T04:39:49+0000
967	unset	in a relationship	2011-05-19T06:37:42+0000
968	unset	engaged	2012-05-26T18:48:10+0000
969	unset	in a relationship	2011-10-04T19:25:00+0000
970	single	in a relationship	2010-08-25T16:05:56+0000
971	unset	in a relationship	2010-11-16T14:11:21+0000
972	it's complicated	single	2011-06-15T12:40:04+0000
972	unset	single	2012-01-07T17:29:59+0000
973	unset	single	2010-12-02T20:52:14+0000
973	in a relationship	single	2012-11-11T16:13:46+0000
974	unset	single	2010-04-27T18:18:27+0000
974	in a relationship	single	2011-01-07T11:50:29+0000
975	unset	married	2010-04-06T12:20:19+0000
976	unset	in a relationship	2012-09-17T13:55:22+0000
977	unset	single	2012-12-10T01:40:58+0000
978	unset	in a relationship	2008-09-23T21:09:15+0000
979	in a relationship	single	2012-02-24T13:05:59+0000
980	in an open relationship	single	2010-12-17T22:07:49+0000
980	in a relationship	single	2011-11-11T00:01:18+0000
981	unset	in a relationship	2012-08-06T21:38:40+0000
982	engaged	single	2012-11-01T19:15:37+0000
983	unset	married	2008-11-09T22:40:19+0000
984	unset	in a relationship	2012-10-07T16:25:20+0000
985	unset	in a relationship	2010-12-17T14:08:59+0000
986	in a relationship	engaged	2010-12-27T08:37:27+0000
986	unset	engaged	2012-09-17T08:43:44+0000
987	in a relationship	single	2012-06-03T21:39:50+0000
988	unset	in a relationship	2010-03-07T20:00:31+0000
989	unset	in a relationship	2012-06-16T14:17:00+0000
990	unset	in a relationship	2011-08-07T18:54:07+0000
991	single	in a relationship	2009-10-01T08:09:32+0000
992	in a relationship	single	2012-03-18T23:34:24+0000
993	in a relationship	single	2012-11-23T22:24:55+0000
994	unset	in a relationship	2010-07-04T19:55:08+0000
995	unset	in a relationship	2012-06-05T21:34:20+0000
996	unset	in a relationship	2012-12-11T22:57:17+0000
997	in a relationship	single	2012-02-06T00:17:37+0000
998	unset	in a relationship	2011-11-23T22:43:33+0000
998	single	in a relationship	2012-06-13T20:42:28+0000
999	unset	in a relationship	2010-10-31T09:15:04+0000
1000	unset	in a relationship	2010-05-21T12:47:24+0000
1001	unset	single	2007-11-17T20:27:51+0000
1002	it's complicated	single	2011-09-25T20:43:14+0000
1003	unset	single	2010-01-06T18:10:57+0000
1003	in a relationship	single	2012-07-28T16:14:34+0000
1004	unset	in a relationship	2012-06-07T09:16:36+0000
1005	single	in a relationship	2011-10-05T17:09:07+0000
1005	unset	in a relationship	2012-08-14T07:02:36+0000
1006	unset	married	2010-09-12T21:36:05+0000
1007	unset	married	2010-09-09T20:35:17+0000
1008	unset	single	2010-03-14T09:03:15+0000
1008	in a relationship	single	2011-11-06T17:25:48+0000
1009	unset	single	2010-03-19T18:54:58+0000
1009	in a relationship	single	2010-05-08T10:23:25+0000
1010	unset	married	2011-04-30T14:47:43+0000
1011	unset	in a relationship	2012-04-17T19:18:23+0000
1012	unset	in a relationship	2011-04-04T23:58:33+0000
1013	unset	in a relationship	2012-03-30T09:10:58+0000
1014	single	in a relationship	2011-01-01T12:45:25+0000
1014	unset	in a relationship	2011-01-29T02:19:25+0000
1015	unset	in a relationship	2012-11-04T20:49:27+0000
1016	it's complicated	engaged	2011-08-11T17:22:16+0000
1017	engaged	married	2011-07-27T09:03:23+0000
1018	unset	married	2011-05-21T12:22:59+0000
1019	in a relationship	single	2012-05-17T10:25:06+0000
1020	in a relationship	single	2009-12-30T11:30:38+0000
1021	unset	single	2010-12-07T15:10:14+0000
1022	unset	in a relationship	2011-04-04T18:32:55+0000
1023	in a relationship	single	2010-11-22T19:46:18+0000
1024	in a relationship	single	2010-12-14T00:53:21+0000
1025	unset	single	2011-10-17T17:03:34+0000
1026	unset	in a relationship	2010-10-03T18:40:43+0000
1026	single	in a relationship	2011-05-21T20:42:51+0000
1026	unset	in a relationship	2012-07-25T12:34:47+0000
1027	in a relationship	single	2012-07-01T10:54:32+0000
1028	unset	engaged	2011-04-14T09:06:28+0000
1029	unset	in a relationship	2011-01-30T22:27:48+0000
1030	unset	in a relationship	2012-09-29T10:31:26+0000
1031	unset	in a relationship	2012-08-31T18:32:49+0000
1032	unset	in a relationship	2012-09-18T19:46:27+0000
1033	unset	married	2010-11-28T13:41:20+0000
1034	single	in a relationship	2012-10-14T17:34:03+0000
1034	unset	in a relationship	2012-10-14T17:40:11+0000
1035	it's complicated	in a relationship	2010-04-02T12:02:01+0000
1036	unset	single	2011-12-06T12:34:18+0000
1037	in a relationship	single	2012-09-11T13:01:43+0000
1037	unset	single	2012-09-12T06:07:00+0000
1038	unset	single	2010-02-13T22:54:32+0000
1038	it's complicated	single	2012-01-29T16:28:10+0000
1039	in a relationship	single	2012-05-11T19:10:40+0000
1040	unset	married	2011-01-23T22:27:13+0000
1041	unset	married	2010-04-12T17:13:12+0000
1042	unset	in a relationship	2011-11-30T10:59:04+0000
1043	unset	single	2009-06-05T14:52:30+0000
1044	unset	single	2010-02-10T02:21:56+0000
1044	it's complicated	single	2010-07-25T19:29:38+0000
1045	unset	in a relationship	2012-11-02T18:38:22+0000
1046	unset	in a relationship	2012-03-31T20:45:51+0000
